1,8,0,14,0,392
1,5,0,-37,-18,205
2,8,0,14,0,392
2,1,1,-88,2,66
2,5,0,-37,-18,205
3,1,1,-75,3,61
3,5,0,-37,-18,205
3,8,0,14,0,392
4,8,0,14,0,392
4,1,1,-62,4,61
4,5,0,-37,-18,205
5,8,0,14,0,392
5,5,0,-37,-18,205
5,1,1,-52,4,63
6,8,0,14,0,392
6,5,0,-37,-18,205
6,1,1,-42,2,66
7,1,1,-33,-1,72
7,8,0,14,0,392
7,5,0,-37,-18,205
8,1,1,-24,-1,84
8,8,0,14,0,392
8,5,0,-37,-18,205
9,1,1,-17,-2,99
9,8,0,14,0,392
9,6,1,-17,-58,189
9,5,0,-37,-18,205
10,5,0,-37,-18,205
10,8,0,14,0,392
10,1,1,-13,-3,112
10,6,1,-13,-56,198
11,8,0,14,0,392
11,1,1,-11,-1,120
11,5,0,-37,-18,205
11,6,1,-11,-53,201
12,8,0,14,0,392
12,6,1,-9,-51,201
12,1,1,-9,1,128
12,5,0,-37,-18,205
13,5,0,-37,-18,205
13,8,0,14,0,392
13,6,1,-8,-49,206
13,1,1,-8,1,136
14,8,0,14,0,392
14,5,0,-37,-18,205
14,6,1,-7,-47,214
14,1,1,-7,0,145
15,6,1,-5,-45,223
15,5,0,-37,-18,205
15,8,0,14,0,392
15,1,1,-5,0,157
16,6,1,-3,-43,233
16,8,0,14,0,392
16,5,0,-37,-18,205
16,1,1,-3,0,170
17,5,0,-37,-18,205
17,8,0,14,0,392
17,6,1,-1,-41,242
17,1,1,-1,-1,182
18,8,0,14,0,392
18,1,2,-22,-10,349
18,5,0,-37,-18,205
18,1,1,0,0,191
19,5,0,-37,-18,205
19,1,2,-21,-10,352
19,8,0,14,0,392
19,1,1,2,0,199
20,5,0,-37,-18,205
20,1,1,4,-1,210
20,1,2,-21,-10,353
20,8,0,14,0,392
21,1,1,6,-1,222
21,8,0,14,0,392
21,1,2,-20,-10,354
21,5,0,-37,-18,205
22,8,0,14,0,392
22,1,2,-20,-10,353
22,5,0,-37,-18,205
22,1,1,6,-1,234
23,1,1,7,-1,244
23,5,0,-37,-18,205
23,1,2,-20,-10,352
23,8,0,14,0,392
24,5,0,-37,-18,205
24,1,2,-19,-10,351
24,8,0,14,0,392
24,1,1,7,0,253
25,1,2,-19,-10,349
25,5,0,-37,-18,205
25,8,0,14,0,392
25,1,1,8,0,262
26,1,1,7,-1,271
26,5,0,-37,-18,205
26,1,2,-19,-9,348
26,8,0,14,0,392
27,5,0,-37,-18,205
27,8,0,14,0,392
27,1,1,6,-1,279
27,1,2,-19,-9,346
28,1,2,-18,-9,344
28,5,0,-37,-18,205
28,1,1,4,-1,281
28,8,0,14,0,392
29,1,2,-18,-9,343
29,5,0,-37,-18,205
29,1,1,4,-2,281
29,8,0,14,0,392
30,5,0,-37,-18,205
30,1,1,4,-2,280
30,8,0,14,0,392
30,1,2,-18,-9,341
31,8,0,14,0,392
31,5,0,-37,-18,205
31,1,2,-18,-9,339
32,8,0,14,0,392
32,5,0,-37,-18,205
32,1,2,-18,-9,337
33,8,0,14,0,392
33,5,0,-37,-18,205
33,1,2,-17,-9,336
34,1,2,-17,-9,335
34,8,0,14,0,392
34,5,0,-37,-18,205
35,1,2,-17,-9,335
35,5,0,-37,-18,205
35,8,0,14,0,392
36,1,2,-16,-9,335
36,8,0,14,0,392
36,5,0,-37,-18,205
37,8,0,14,0,392
37,1,2,-16,-9,335
37,5,0,-37,-18,205
38,5,0,-37,-18,205
38,1,2,-16,-9,335
38,8,0,14,0,392
39,5,0,-37,-18,205
39,8,0,14,0,392
39,1,2,-16,-9,334
40,1,2,-16,-9,333
40,8,0,14,0,392
40,5,0,-37,-18,205
41,8,0,14,0,392
41,5,0,-37,-18,205
41,1,2,-16,-9,332
42,8,0,14,0,392
42,5,0,-37,-18,205
42,1,2,-16,-9,330
43,5,0,-37,-18,205
43,8,0,14,0,392
43,1,2,-16,-9,329
44,5,0,-37,-18,205
44,8,0,14,0,392
44,1,2,-16,-9,328
45,5,0,-37,-18,205
45,8,0,14,0,392
46,8,0,14,0,392
46,5,0,-37,-18,205
47,8,0,14,0,392
47,5,0,-37,-18,205
48,8,0,14,0,392
48,5,0,-37,-18,205
49,5,0,-37,-18,205
49,8,0,14,0,392
50,1,1,22,-10,263
50,5,0,-37,-18,205
50,8,0,14,0,392
51,5,0,-37,-18,205
51,1,1,23,-10,266
51,8,0,14,0,392
52,5,0,-37,-18,205
52,1,1,24,-11,269
52,8,0,14,0,392
53,8,0,14,0,392
53,5,0,-37,-18,205
53,1,1,25,-11,271
54,5,0,-37,-18,205
54,8,0,14,0,392
54,1,1,25,-11,272
55,5,0,-37,-18,205
55,8,0,14,0,392
55,1,1,26,-11,273
56,5,0,-37,-18,205
56,1,1,25,-11,273
56,8,0,14,0,392
57,5,0,-37,-18,205
57,8,0,14,0,392
57,1,1,25,-11,273
58,5,0,-37,-18,205
58,8,0,14,0,392
58,1,1,25,-11,273
59,1,1,24,-11,273
59,5,0,-37,-18,205
59,8,0,14,0,392
60,1,1,22,-11,270
60,8,0,14,0,392
60,5,0,-37,-18,205
61,1,1,21,-11,266
61,8,0,14,0,392
61,5,0,-37,-18,205
62,5,0,-37,-18,205
62,8,0,14,0,392
63,5,0,-37,-18,205
63,8,0,14,0,392
64,5,0,-37,-18,205
64,8,0,14,0,392
65,5,0,-37,-18,205
65,8,0,14,0,392
66,8,0,14,0,392
66,5,0,-37,-18,205
67,8,0,14,0,392
67,1,2,-18,-9,335
67,5,0,-37,-18,205
68,5,0,-37,-18,205
68,8,0,14,0,392
68,1,2,-18,-9,337
69,8,0,14,0,392
69,5,0,-37,-18,205
69,1,2,-19,-9,337
70,1,2,-19,-9,338
70,8,0,14,0,392
70,5,0,-37,-18,205
71,8,0,14,0,392
71,5,0,-37,-18,205
71,1,2,-19,-9,339
72,8,0,14,0,392
72,5,0,-37,-18,205
72,1,2,-19,-9,341
73,8,0,14,0,392
73,1,2,-20,-10,342
73,5,0,-37,-18,205
74,5,0,-37,-18,205
74,1,2,-20,-10,343
74,8,0,14,0,392
75,1,2,-20,-10,344
75,5,0,-37,-18,205
75,8,0,14,0,392
76,8,0,14,0,392
76,5,0,-37,-18,205
76,1,2,-21,-10,344
77,1,2,-21,-10,345
77,8,0,14,0,392
77,5,0,-37,-18,205
78,8,0,14,0,392
78,1,2,-21,-10,345
78,5,0,-37,-18,205
79,8,0,14,0,392
79,5,0,-37,-18,205
79,1,2,-21,-10,345
80,5,0,-37,-18,205
80,1,2,-21,-10,345
80,8,0,14,0,392
81,5,0,-37,-18,205
81,1,2,-21,-10,344
81,8,0,14,0,392
82,5,0,-37,-18,205
82,1,2,-21,-10,344
82,8,0,14,0,392
83,8,0,14,0,392
83,5,0,-37,-18,205
83,1,2,-21,-10,344
84,5,0,-37,-18,205
84,1,2,-21,-10,344
84,8,0,14,0,392
85,8,0,14,0,392
85,1,2,-21,-10,344
85,5,0,-37,-18,205
86,8,0,14,0,392
86,1,2,-21,-10,344
86,5,0,-37,-18,205
87,8,0,14,0,392
87,1,2,-21,-10,344
87,5,0,-37,-18,205
88,8,0,14,0,392
88,1,2,-21,-10,343
88,5,0,-37,-18,205
89,5,0,-37,-18,205
89,8,0,14,0,392
89,1,2,-21,-10,343
90,8,0,14,0,392
90,5,0,-37,-18,205
90,1,2,-21,-10,343
91,5,0,-37,-18,205
91,1,2,-21,-10,343
91,8,0,14,0,392
92,8,0,14,0,392
92,1,2,-21,-10,344
92,5,0,-37,-18,205
93,8,0,14,0,392
93,1,2,-21,-10,344
93,5,0,-37,-18,205
94,5,0,-37,-18,205
94,8,0,14,0,392
94,1,2,-21,-10,344
95,1,2,-21,-10,344
95,8,0,14,0,392
95,5,0,-37,-18,205
96,1,2,-21,-10,345
96,5,0,-37,-18,205
96,8,0,14,0,392
97,8,0,14,0,392
97,5,0,-37,-18,205
98,8,0,14,0,392
98,5,0,-37,-18,205
99,8,0,14,0,392
99,5,0,-37,-18,205
100,5,0,-37,-18,205
100,8,0,14,0,392
101,5,0,-37,-18,205
101,8,0,14,0,392
102,5,0,-37,-18,205
102,8,0,14,0,392
103,8,0,14,0,392
103,5,0,-37,-18,205
104,8,0,14,0,392
104,5,0,-37,-18,205
105,5,0,-37,-18,205
105,8,0,14,0,392
106,8,0,14,0,392
106,5,0,-37,-18,205
107,8,0,14,0,392
107,5,0,-37,-18,205
108,8,0,14,0,392
108,1,2,-21,-10,345
108,5,0,-37,-18,205
109,5,0,-37,-18,205
109,1,2,-21,-10,345
109,8,0,14,0,392
110,5,0,-37,-18,205
110,1,2,-21,-10,345
110,8,0,14,0,392
111,8,0,14,0,392
111,1,2,-21,-10,346
111,5,0,-37,-18,205
112,1,2,-21,-10,347
112,5,0,-37,-18,205
112,8,0,14,0,392
113,8,0,14,0,392
113,5,0,-37,-18,205
113,1,2,-21,-10,346
114,1,2,-21,-10,346
114,8,0,14,0,392
114,5,0,-37,-18,205
115,1,2,-21,-10,346
115,5,0,-37,-18,205
115,8,0,14,0,392
116,5,0,-37,-18,205
116,8,0,14,0,392
116,1,2,-21,-10,345
117,5,0,-37,-18,205
117,1,2,-21,-10,345
117,8,0,14,0,392
118,5,0,-37,-18,205
118,1,2,-21,-10,344
118,8,0,14,0,392
119,5,0,-37,-18,205
119,1,2,-21,-10,344
119,8,0,14,0,392
120,5,0,-37,-18,205
120,1,2,-21,-10,344
120,8,0,14,0,392
121,8,0,14,0,392
121,1,2,-22,-10,344
121,5,0,-37,-18,205
122,1,2,-22,-10,344
122,5,0,-37,-18,205
122,8,0,14,0,392
123,5,0,-37,-18,205
123,8,0,14,0,392
123,1,2,-22,-10,344
124,8,0,14,0,392
124,1,2,-21,-10,344
124,5,0,-37,-18,205
125,8,0,14,0,392
125,5,0,-37,-18,205
125,1,2,-21,-10,345
126,8,0,14,0,392
126,5,0,-37,-18,205
126,1,2,-21,-10,344
127,5,0,-37,-18,205
127,1,2,-21,-10,344
127,8,0,14,0,392
128,8,0,14,0,392
128,5,0,-37,-18,205
129,8,0,14,0,392
129,5,0,-37,-18,205
130,8,0,14,0,392
130,5,0,-37,-18,205
131,8,0,14,0,392
131,5,0,-37,-18,205
132,5,0,-37,-18,205
132,8,0,14,0,392
132,1,1,18,-10,259
133,8,0,14,0,392
133,5,0,-37,-18,205
133,1,1,19,-10,260
134,8,0,14,0,392
134,5,0,-37,-18,205
134,1,1,19,-10,262
135,5,0,-37,-18,205
135,1,1,20,-10,264
135,8,0,14,0,392
136,5,0,-37,-18,205
136,8,0,14,0,392
136,1,1,21,-10,265
137,8,0,14,0,392
137,5,0,-37,-18,205
137,1,1,22,-11,267
138,8,0,14,0,392
138,5,0,-37,-18,205
138,1,1,22,-11,268
139,8,0,14,0,392
139,5,0,-37,-18,205
139,1,1,23,-11,269
140,8,0,14,0,392
140,5,0,-37,-18,205
140,1,1,23,-11,271
141,1,1,24,-11,273
141,5,0,-37,-18,205
141,8,0,14,0,392
142,8,0,14,0,392
142,1,1,24,-11,275
142,5,0,-37,-18,205
143,1,1,24,-11,275
143,8,0,14,0,392
143,5,0,-37,-18,205
144,1,1,24,-11,274
144,5,0,-37,-18,205
144,8,0,14,0,392
145,1,1,24,-11,274
145,8,0,14,0,392
145,5,0,-37,-18,205
146,1,1,24,-11,274
146,8,0,14,0,392
146,5,0,-37,-18,205
147,5,0,-37,-18,205
147,1,1,24,-11,274
147,8,0,14,0,392
148,1,1,24,-11,274
148,8,0,14,0,392
148,5,0,-37,-18,205
149,8,0,14,0,392
149,5,0,-37,-18,205
149,1,1,24,-11,273
150,8,0,14,0,392
150,5,0,-37,-18,205
150,1,1,24,-11,273
151,8,0,14,0,392
151,5,0,-37,-18,205
151,1,1,24,-11,273
152,8,0,14,0,392
152,5,0,-37,-18,205
152,1,1,24,-11,273
153,8,0,14,0,392
153,5,0,-37,-18,205
153,1,1,24,-11,273
154,8,0,14,0,392
154,5,0,-37,-18,205
154,1,1,24,-11,273
155,1,1,24,-11,273
155,8,0,14,0,392
155,5,0,-37,-18,205
156,5,0,-37,-18,205
156,8,0,14,0,392
156,1,1,24,-11,273
157,1,1,24,-11,273
157,5,0,-37,-18,205
157,8,0,14,0,392
158,5,0,-37,-18,205
158,8,0,14,0,392
158,1,1,24,-11,273
159,1,1,24,-11,273
159,8,0,14,0,392
159,5,0,-37,-18,205
160,1,1,24,-11,273
160,8,0,14,0,392
160,5,0,-37,-18,205
161,1,1,24,-11,272
161,8,0,14,0,392
161,5,0,-37,-18,205
162,8,0,14,0,392
162,5,0,-37,-18,205
162,1,1,24,-11,272
163,5,0,-37,-18,205
163,1,1,24,-11,272
163,8,0,14,0,392
164,5,0,-37,-18,205
164,1,1,24,-11,272
164,8,0,14,0,392
165,5,0,-37,-18,205
165,1,1,24,-11,272
165,8,0,14,0,392
166,1,1,24,-11,271
166,5,0,-37,-18,205
166,8,0,14,0,392
167,1,1,23,-11,270
167,5,0,-37,-18,205
167,8,0,14,0,392
168,5,0,-37,-18,205
168,8,0,14,0,392
168,1,1,23,-11,270
169,8,0,14,0,392
169,5,0,-37,-18,205
169,1,1,22,-12,268
170,5,0,-37,-18,205
170,1,1,21,-12,266
170,8,0,14,0,392
171,5,0,-37,-18,205
171,8,0,14,0,392
171,1,1,20,-12,264
172,1,1,19,-12,262
172,8,0,14,0,392
172,5,0,-37,-18,205
173,5,0,-37,-18,205
173,1,1,18,-12,261
173,8,0,14,0,392
174,5,0,-37,-18,205
174,8,0,14,0,392
174,1,1,16,-12,260
175,1,1,15,-12,259
175,8,0,14,0,392
175,5,0,-37,-18,205
176,5,0,-37,-18,205
176,8,0,14,0,392
176,1,1,14,-13,259
177,5,0,-37,-18,205
177,8,0,14,0,392
177,1,1,13,-13,259
178,1,1,12,-13,259
178,5,0,-37,-18,205
178,8,0,14,0,392
179,1,1,12,-13,258
179,5,0,-37,-18,205
179,8,0,14,0,392
180,5,0,-37,-18,205
180,8,0,14,0,392
180,1,1,12,-13,258
181,8,0,14,0,392
181,1,1,12,-13,259
181,5,0,-37,-18,205
182,1,1,13,-13,260
182,5,0,-37,-18,205
182,8,0,14,0,392
183,1,1,13,-13,260
183,5,0,-37,-18,205
183,8,0,14,0,392
184,1,1,14,-12,261
184,8,0,14,0,392
184,5,0,-37,-18,205
185,1,1,15,-12,262
185,8,0,14,0,392
185,5,0,-37,-18,205
186,1,1,15,-12,263
186,5,0,-37,-18,205
186,8,0,14,0,392
187,8,0,14,0,392
187,1,1,16,-12,262
187,5,0,-37,-18,205
188,8,0,14,0,392
188,1,1,16,-12,262
188,5,0,-37,-18,205
189,1,1,16,-11,261
189,5,0,-37,-18,205
189,8,0,14,0,392
190,8,0,14,0,392
190,1,1,16,-11,261
190,5,0,-37,-18,205
191,5,0,-37,-18,205
191,8,0,14,0,392
191,1,1,16,-11,261
192,1,1,16,-12,260
192,8,0,14,0,392
192,5,0,-37,-18,205
193,1,1,16,-12,260
193,5,0,-37,-18,205
193,8,0,14,0,392
194,1,1,16,-12,260
194,5,0,-37,-18,205
194,8,0,14,0,392
195,5,0,-37,-18,205
195,8,0,14,0,392
195,1,1,16,-12,260
196,8,0,14,0,392
196,1,1,16,-12,260
196,5,0,-37,-18,205
197,8,0,14,0,392
197,5,0,-37,-18,205
197,1,1,16,-12,260
198,5,0,-37,-18,205
198,8,0,14,0,392
198,1,1,16,-11,260
199,5,0,-37,-18,205
199,8,0,14,0,392
199,1,1,16,-11,260
200,5,0,-37,-18,205
200,1,1,16,-11,260
200,8,0,14,0,392
201,5,0,-37,-18,205
201,8,0,14,0,392
201,1,1,16,-11,261
202,8,0,14,0,392
202,5,0,-37,-18,205
202,1,1,16,-11,261
203,1,1,16,-11,261
203,8,0,14,0,392
203,5,0,-37,-18,205
204,1,1,16,-11,262
204,8,0,14,0,392
204,5,0,-37,-18,205
205,1,1,16,-11,262
205,8,0,14,0,392
205,5,0,-37,-18,205
206,5,0,-37,-18,205
206,8,0,14,0,392
206,1,1,16,-11,262
207,8,0,14,0,392
207,5,0,-37,-18,205
207,1,1,16,-11,263
208,8,0,14,0,392
208,5,0,-37,-18,205
208,1,1,16,-11,264
209,5,0,-37,-18,205
209,1,1,16,-11,264
209,8,0,14,0,392
210,1,1,16,-11,263
210,8,0,14,0,392
210,5,0,-37,-18,205
211,5,0,-37,-18,205
211,8,0,14,0,392
211,1,1,16,-11,263
212,8,0,14,0,392
212,1,1,16,-11,262
212,5,0,-37,-18,205
213,1,1,15,-11,260
213,5,0,-37,-18,205
213,8,0,14,0,392
214,1,1,15,-11,260
214,5,0,-37,-18,205
214,8,0,14,0,392
215,8,0,14,0,392
215,5,0,-37,-18,205
215,1,1,15,-11,260
216,5,0,-37,-18,205
216,8,0,14,0,392
216,1,1,15,-11,259
217,1,1,15,-11,260
217,8,0,14,0,392
217,5,0,-37,-18,205
218,8,0,14,0,392
218,5,0,-37,-18,205
218,1,1,15,-11,259
219,1,1,14,-11,259
219,8,0,14,0,392
219,5,0,-37,-18,205
220,8,0,14,0,392
220,1,1,14,-11,258
220,5,0,-37,-18,205
221,5,0,-37,-18,205
221,8,0,14,0,392
221,1,1,14,-12,258
222,8,0,14,0,392
222,1,1,14,-12,259
222,5,0,-37,-18,205
223,5,0,-37,-18,205
223,1,1,14,-12,259
223,8,0,14,0,392
224,1,1,14,-12,259
224,5,0,-37,-18,205
224,8,0,14,0,392
225,1,1,14,-12,259
225,5,0,-37,-18,205
225,8,0,14,0,392
226,8,0,14,0,392
226,1,1,14,-12,259
226,5,0,-37,-18,205
227,8,0,14,0,392
227,5,0,-37,-18,205
227,1,1,14,-12,258
228,8,0,14,0,392
228,5,0,-37,-18,205
228,1,1,13,-12,258
229,5,0,-37,-18,205
229,1,1,13,-12,257
229,8,0,14,0,392
230,5,0,-37,-18,205
230,8,0,14,0,392
230,1,1,13,-13,257
231,5,0,-37,-18,205
231,8,0,14,0,392
231,1,1,13,-13,257
232,5,0,-37,-18,205
232,1,1,14,-12,257
232,8,0,14,0,392
233,5,0,-37,-18,205
233,1,1,14,-12,257
233,8,0,14,0,392
234,8,0,14,0,392
234,1,1,15,-11,257
234,5,0,-37,-18,205
235,8,0,14,0,392
235,1,1,15,-11,258
235,5,0,-37,-18,205
236,8,0,14,0,392
236,1,1,15,-11,258
236,5,0,-37,-18,205
237,8,0,14,0,392
237,1,1,15,-11,258
237,5,0,-37,-18,205
238,8,0,14,0,392
238,1,2,-17,-9,330
238,1,1,15,-11,257
238,5,0,-37,-18,205
239,5,0,-37,-18,205
239,8,0,14,0,392
239,1,2,-17,-9,330
239,1,1,15,-11,257
240,5,0,-37,-18,205
240,8,0,14,0,392
240,1,2,-17,-9,331
240,1,1,14,-11,256
241,8,0,14,0,392
241,1,2,-17,-9,332
241,5,0,-37,-18,205
241,1,1,14,-11,256
242,1,1,14,-11,256
242,1,2,-18,-9,334
242,5,0,-37,-18,205
242,8,0,14,0,392
243,1,1,14,-11,256
243,1,2,-18,-9,335
243,8,0,14,0,392
243,5,0,-37,-18,205
244,8,0,14,0,392
244,5,0,-37,-18,205
244,1,2,-18,-9,336
244,1,1,14,-11,256
245,5,0,-37,-18,205
245,8,0,14,0,392
245,1,2,-18,-9,336
245,1,1,15,-11,256
246,8,0,14,0,392
246,1,1,14,-11,256
246,5,0,-37,-18,205
246,1,2,-18,-9,335
247,8,0,14,0,392
247,1,2,-17,-9,335
247,1,1,15,-11,256
247,5,0,-37,-18,205
248,8,0,14,0,392
248,5,0,-37,-18,205
248,1,1,14,-11,256
248,1,2,-17,-9,334
249,1,2,-17,-9,333
249,5,0,-37,-18,205
249,1,1,14,-12,256
249,8,0,14,0,392
250,5,0,-37,-18,205
250,1,1,14,-12,256
250,1,2,-17,-9,332
250,8,0,14,0,392
251,1,1,14,-12,256
251,1,2,-17,-9,330
251,8,0,14,0,392
251,5,0,-37,-18,205
252,8,0,14,0,392
252,5,0,-37,-18,205
252,1,1,13,-12,256
252,1,2,-16,-9,329
253,5,0,-37,-18,205
253,1,1,13,-13,256
253,8,0,14,0,392
253,1,2,-16,-9,328
254,1,2,-16,-9,328
254,1,1,13,-13,255
254,5,0,-37,-18,205
254,8,0,14,0,392
255,1,1,13,-13,255
255,8,0,14,0,392
255,1,2,-16,-9,328
255,5,0,-37,-18,205
256,1,2,-16,-9,328
256,1,1,13,-13,255
256,5,0,-37,-18,205
256,8,0,14,0,392
257,1,1,13,-13,254
257,1,2,-16,-9,328
257,5,0,-37,-18,205
257,8,0,14,0,392
258,1,1,13,-13,254
258,5,0,-37,-18,205
258,1,2,-16,-9,327
258,8,0,14,0,392
259,5,0,-37,-18,205
259,1,2,-16,-9,328
259,1,1,13,-12,253
259,8,0,14,0,392
260,1,1,14,-12,254
260,5,0,-37,-18,205
260,1,2,-16,-9,328
260,8,0,14,0,392
261,1,2,-16,-9,329
261,8,0,14,0,392
261,1,1,14,-12,255
261,5,0,-37,-18,205
262,1,2,-16,-9,329
262,1,1,14,-12,255
262,5,0,-37,-18,205
262,8,0,14,0,392
263,5,0,-37,-18,205
263,1,1,14,-12,255
263,8,0,14,0,392
263,1,2,-16,-9,329
264,5,0,-37,-18,205
264,8,0,14,0,392
264,1,2,-16,-9,329
264,1,1,14,-12,255
265,1,2,-16,-9,328
265,5,0,-37,-18,205
265,8,0,14,0,392
265,1,1,14,-12,255
266,5,0,-37,-18,205
266,8,0,14,0,392
266,1,2,-16,-9,328
266,1,1,14,-12,255
267,5,0,-37,-18,205
267,1,1,14,-12,255
267,8,0,14,0,392
267,1,2,-16,-9,327
268,1,1,14,-12,255
268,5,0,-37,-18,205
268,8,0,14,0,392
268,1,2,-16,-9,327
269,8,0,14,0,392
269,5,0,-37,-18,205
269,1,2,-16,-9,326
269,1,1,14,-12,255
270,1,2,-16,-9,326
270,5,0,-37,-18,205
270,8,0,14,0,392
271,1,2,-16,-9,326
271,8,0,14,0,392
271,5,0,-37,-18,205
272,5,0,-37,-18,205
272,8,0,14,0,392
272,1,2,-16,-9,327
273,8,0,14,0,392
273,5,0,-37,-18,205
273,1,2,-16,-9,328
274,5,0,-37,-18,205
274,1,2,-16,-9,329
274,8,0,14,0,392
275,1,2,-16,-9,329
275,8,0,14,0,392
275,5,0,-37,-18,205
276,5,0,-37,-18,205
276,8,0,14,0,392
277,8,0,14,0,392
277,5,0,-37,-18,205
278,8,0,14,0,392
278,5,0,-37,-18,205
279,5,0,-37,-18,205
279,8,0,14,0,392
280,5,0,-37,-18,205
280,8,0,14,0,392
281,5,0,-37,-18,205
281,8,0,14,0,392
282,5,0,-37,-18,205
282,8,0,14,0,392
283,5,0,-37,-18,205
283,8,0,14,0,392
284,5,0,-37,-18,205
284,8,0,14,0,392
285,5,0,-37,-18,205
285,8,0,14,0,392
286,1,1,13,-13,260
286,8,0,14,0,392
286,5,0,-37,-18,205
287,5,0,-37,-18,205
287,1,1,13,-13,260
287,8,0,14,0,392
288,5,0,-37,-18,205
288,8,0,14,0,392
288,1,1,13,-13,260
289,8,0,14,0,392
289,1,1,13,-13,260
289,5,0,-37,-18,205
290,1,1,13,-13,260
290,5,0,-37,-18,205
290,8,0,14,0,392
291,1,1,13,-13,259
291,8,0,14,0,392
291,5,0,-37,-18,205
292,8,0,14,0,392
292,5,0,-37,-18,205
292,1,1,13,-13,259
293,8,0,14,0,392
293,1,1,13,-13,259
293,5,0,-37,-18,205
294,5,0,-37,-18,205
294,8,0,14,0,392
294,1,1,13,-13,259
295,1,1,13,-13,259
295,5,0,-37,-18,205
295,8,0,14,0,392
296,8,0,14,0,392
296,1,1,13,-13,259
296,5,0,-37,-18,205
297,1,1,13,-13,260
297,8,0,14,0,392
297,5,0,-37,-18,205
298,1,1,13,-13,260
298,5,0,-37,-18,205
298,8,0,14,0,392
299,5,0,-37,-18,205
299,8,0,14,0,392
299,1,1,13,-13,259
300,5,0,-37,-18,205
300,8,0,14,0,392
300,1,1,13,-13,259
301,1,1,13,-13,259
301,5,0,-37,-18,205
301,8,0,14,0,392
302,1,1,13,-13,260
302,8,0,14,0,392
302,5,0,-37,-18,205
303,1,1,13,-13,260
303,8,0,14,0,392
303,5,0,-37,-18,205
304,8,0,14,0,392
304,1,1,13,-13,260
304,5,0,-37,-18,205
305,5,0,-37,-18,205
305,1,1,13,-13,259
305,8,0,14,0,392
306,1,1,13,-13,259
306,5,0,-37,-18,205
306,8,0,14,0,392
307,5,0,-37,-18,205
307,1,1,13,-13,259
307,8,0,14,0,392
308,5,0,-37,-18,205
308,1,1,13,-13,259
308,8,0,14,0,392
309,5,0,-37,-18,205
309,1,1,13,-13,259
309,8,0,14,0,392
310,5,0,-37,-18,205
310,8,0,14,0,392
310,1,1,13,-13,260
311,5,0,-37,-18,205
311,8,0,14,0,392
311,1,1,13,-13,260
312,5,0,-37,-18,205
312,8,0,14,0,392
312,1,1,13,-13,259
313,1,1,13,-13,259
313,5,0,-37,-18,205
313,8,0,14,0,392
314,5,0,-37,-18,205
314,1,1,13,-13,259
314,8,0,14,0,392
315,8,0,14,0,392
315,5,0,-37,-18,205
315,1,1,13,-13,259
316,1,1,13,-13,259
316,5,0,-37,-18,205
316,8,0,14,0,392
317,8,0,14,0,392
317,5,0,-37,-18,205
317,1,1,13,-13,258
318,8,0,14,0,392
318,1,1,13,-13,258
318,5,0,-37,-18,205
319,8,0,14,0,392
319,1,1,13,-13,258
319,5,0,-37,-18,205
320,5,0,-37,-18,205
320,8,0,14,0,392
320,1,1,13,-13,258
321,1,1,14,-12,257
321,5,0,-37,-18,205
321,8,0,14,0,392
322,5,0,-37,-18,205
322,1,1,14,-12,255
322,8,0,14,0,392
323,1,1,15,-12,254
323,5,0,-37,-18,205
323,8,0,14,0,392
324,8,0,14,0,392
324,5,0,-37,-18,205
324,1,1,15,-11,254
325,5,0,-37,-18,205
325,1,1,16,-11,254
325,8,0,14,0,392
326,8,0,14,0,392
326,5,0,-37,-18,205
326,1,1,16,-11,256
327,5,0,-37,-18,205
327,8,0,14,0,392
327,1,1,17,-11,257
328,5,0,-37,-18,205
328,1,1,18,-11,259
328,8,0,14,0,392
329,8,0,14,0,392
329,1,1,18,-11,260
329,5,0,-37,-18,205
330,5,0,-37,-18,205
330,8,0,14,0,392
330,1,1,19,-11,261
331,1,1,20,-11,262
331,5,0,-37,-18,205
331,8,0,14,0,392
332,8,0,14,0,392
332,1,1,21,-11,262
332,5,0,-37,-18,205
333,8,0,14,0,392
333,5,0,-37,-18,205
333,1,1,21,-11,262
334,5,0,-37,-18,205
334,8,0,14,0,392
334,1,1,22,-11,263
335,8,0,14,0,392
335,1,1,22,-11,265
335,5,0,-37,-18,205
336,8,0,14,0,392
336,1,1,23,-11,265
336,5,0,-37,-18,205
337,8,0,14,0,392
337,1,1,23,-11,266
337,5,0,-37,-18,205
338,1,1,23,-11,267
338,8,0,14,0,392
338,5,0,-37,-18,205
339,1,1,23,-11,267
339,5,0,-37,-18,205
339,8,0,14,0,392
340,5,0,-37,-18,205
340,1,1,23,-11,266
340,8,0,14,0,392
341,5,0,-37,-18,205
341,8,0,14,0,392
341,1,1,22,-11,264
342,1,1,21,-12,262
342,5,0,-37,-18,205
342,8,0,14,0,392
343,1,1,20,-12,260
343,8,0,14,0,392
343,5,0,-37,-18,205
344,8,0,14,0,392
344,1,1,19,-12,259
344,5,0,-37,-18,205
345,8,0,14,0,392
345,1,1,18,-12,257
345,5,0,-37,-18,205
346,8,0,14,0,392
346,1,1,17,-12,256
346,1,2,-17,-9,332
346,5,0,-37,-18,205
347,8,0,14,0,392
347,5,0,-37,-18,205
347,1,2,-18,-9,333
347,1,1,16,-12,255
348,1,2,-18,-9,334
348,1,1,15,-12,255
348,5,0,-37,-18,205
348,8,0,14,0,392
349,5,0,-37,-18,205
349,1,1,15,-12,255
349,8,0,14,0,392
349,1,2,-18,-9,334
350,5,0,-37,-18,205
350,1,1,14,-12,255
350,8,0,14,0,392
351,5,0,-37,-18,205
351,8,0,14,0,392
351,1,1,14,-12,255
352,8,0,14,0,392
352,1,1,14,-12,255
352,5,0,-37,-18,205
353,8,0,14,0,392
353,1,1,14,-12,256
353,5,0,-37,-18,205
354,8,0,14,0,392
354,1,1,14,-12,256
354,5,0,-37,-18,205
355,8,0,14,0,392
355,5,0,-37,-18,205
355,1,1,14,-13,257
356,8,0,14,0,392
356,5,0,-37,-18,205
356,1,1,14,-12,257
356,4,2,-19,-9,338
357,1,1,14,-12,258
357,5,0,-37,-18,205
357,8,0,14,0,392
357,4,2,-20,-9,338
358,4,2,-20,-9,338
358,5,0,-37,-18,205
358,8,0,14,0,392
358,1,1,14,-12,258
359,4,2,-20,-9,339
359,1,1,14,-12,258
359,8,0,14,0,392
359,5,0,-37,-18,205
360,5,0,-37,-18,205
360,4,2,-20,-9,339
360,8,0,14,0,392
361,5,0,-37,-18,205
361,8,0,14,0,392
362,8,0,14,0,392
362,5,0,-37,-18,205
363,5,0,-37,-18,205
363,8,0,14,0,392
364,8,0,14,0,392
364,5,0,-37,-18,205
365,8,0,14,0,392
365,5,0,-37,-18,205
366,5,0,-37,-18,205
366,8,0,14,0,392
367,8,0,14,0,392
367,5,0,-37,-18,205
368,5,0,-37,-18,205
368,8,0,14,0,392
369,8,0,14,0,392
369,5,0,-37,-18,205
370,8,0,14,0,392
370,5,0,-37,-18,205
371,5,0,-37,-18,205
371,8,0,14,0,392
372,5,0,-37,-18,205
372,1,2,-21,-10,336
372,8,0,14,0,392
373,5,0,-37,-18,205
373,1,2,-21,-10,335
373,8,0,14,0,392
374,5,0,-37,-18,205
374,8,0,14,0,392
374,1,2,-21,-10,335
375,5,0,-37,-18,205
375,1,2,-21,-10,335
375,8,0,14,0,392
376,8,0,14,0,392
376,5,0,-37,-18,205
376,1,2,-21,-10,335
377,8,0,14,0,392
377,5,0,-37,-18,205
377,1,2,-21,-10,335
378,5,0,-37,-18,205
378,1,2,-21,-10,335
378,8,0,14,0,392
379,1,2,-21,-10,335
379,8,0,14,0,392
379,5,0,-37,-18,205
380,1,2,-21,-10,335
380,5,0,-37,-18,205
380,1,1,15,-12,257
380,8,0,14,0,392
381,1,2,-20,-10,335
381,1,1,15,-12,257
381,8,0,14,0,392
381,5,0,-37,-18,205
382,8,0,14,0,392
382,5,0,-37,-18,205
382,1,1,15,-12,256
382,1,2,-20,-10,337
383,5,0,-37,-18,205
383,1,2,-20,-10,338
383,1,1,15,-12,256
383,8,0,14,0,392
384,1,2,-20,-10,340
384,5,0,-37,-18,205
384,8,0,14,0,392
385,8,0,14,0,392
385,1,2,-20,-10,341
385,5,0,-37,-18,205
386,1,2,-20,-10,342
386,5,0,-37,-18,205
386,8,0,14,0,392
387,8,0,14,0,392
387,1,2,-20,-10,342
387,5,0,-37,-18,205
388,1,2,-20,-10,342
388,8,0,14,0,392
388,5,0,-37,-18,205
389,5,0,-37,-18,205
389,1,2,-20,-10,341
389,8,0,14,0,392
390,5,0,-37,-18,205
390,1,2,-20,-10,341
390,8,0,14,0,392
391,5,0,-37,-18,205
391,1,2,-20,-10,341
391,8,0,14,0,392
392,5,0,-37,-18,205
392,1,2,-20,-10,341
392,8,0,14,0,392
393,5,0,-37,-18,205
393,1,2,-20,-10,341
393,8,0,14,0,392
394,5,0,-37,-18,205
394,1,2,-20,-10,342
394,8,0,14,0,392
395,8,0,14,0,392
395,5,0,-37,-18,205
395,1,2,-20,-10,342
396,5,0,-37,-18,205
396,1,2,-20,-10,342
396,8,0,14,0,392
397,8,0,14,0,392
397,5,0,-37,-18,205
397,1,2,-20,-10,342
398,8,0,14,0,392
398,1,2,-20,-10,342
398,5,0,-37,-18,205
399,8,0,14,0,392
399,1,2,-20,-10,341
399,5,0,-37,-18,205
400,8,0,14,0,392
400,1,2,-20,-10,341
400,5,0,-37,-18,205
401,1,2,-20,-10,340
401,5,0,-37,-18,205
401,8,0,14,0,392
402,1,2,-20,-10,339
402,8,0,14,0,392
402,5,0,-37,-18,205
403,1,1,15,-12,254
403,8,0,14,0,392
403,1,2,-19,-10,338
403,5,0,-37,-18,205
404,1,2,-20,-10,339
404,1,1,15,-12,254
404,8,0,14,0,392
404,5,0,-37,-18,205
405,1,2,-20,-10,339
405,8,0,14,0,392
405,1,1,15,-12,254
405,5,0,-37,-18,205
406,5,0,-37,-18,205
406,1,1,15,-12,254
406,1,2,-20,-10,340
406,8,0,14,0,392
407,1,1,15,-12,254
407,5,0,-37,-18,205
407,1,2,-20,-10,340
407,8,0,14,0,392
408,1,2,-20,-10,340
408,5,0,-37,-18,205
408,8,0,14,0,392
409,5,0,-37,-18,205
409,8,0,14,0,392
409,1,2,-20,-10,340
410,1,2,-20,-10,340
410,8,0,14,0,392
410,5,0,-37,-18,205
411,1,2,-20,-10,340
411,8,0,14,0,392
411,5,0,-37,-18,205
412,1,2,-20,-10,341
412,5,0,-37,-18,205
412,8,0,14,0,392
413,8,0,14,0,392
413,5,0,-37,-18,205
413,1,2,-20,-10,340
414,1,2,-20,-10,340
414,8,0,14,0,392
414,5,0,-37,-18,205
415,8,0,14,0,392
415,1,2,-20,-10,340
415,5,0,-37,-18,205
416,1,2,-20,-10,339
416,8,0,14,0,392
416,5,0,-37,-18,205
417,8,0,14,0,392
417,5,0,-37,-18,205
417,1,2,-20,-10,339
418,8,0,14,0,392
418,1,2,-20,-10,339
418,5,0,-37,-18,205
419,8,0,14,0,392
419,1,2,-20,-10,339
419,5,0,-37,-18,205
420,1,2,-20,-10,339
420,8,0,14,0,392
420,5,0,-37,-18,205
421,8,0,14,0,392
421,5,0,-37,-18,205
421,1,2,-20,-10,340
422,1,2,-20,-10,340
422,5,0,-37,-18,205
422,8,0,14,0,392
423,1,2,-20,-10,339
423,8,0,14,0,392
423,5,0,-37,-18,205
424,1,2,-20,-10,340
424,8,0,14,0,392
424,5,0,-37,-18,205
425,8,0,14,0,392
425,5,0,-37,-18,205
425,1,2,-20,-10,340
426,1,2,-20,-10,340
426,8,0,14,0,392
426,5,0,-37,-18,205
427,5,0,-37,-18,205
427,1,2,-20,-10,341
427,8,0,14,0,392
428,1,2,-21,-9,341
428,8,0,14,0,392
428,5,0,-37,-18,205
429,5,0,-37,-18,205
429,1,2,-20,-10,341
429,8,0,14,0,392
430,5,0,-37,-18,205
430,1,2,-20,-10,341
430,8,0,14,0,392
431,5,0,-37,-18,205
431,8,0,14,0,392
431,1,2,-20,-9,341
432,1,2,-20,-9,341
432,5,0,-37,-18,205
432,8,0,14,0,392
433,1,2,-20,-10,340
433,8,0,14,0,392
433,5,0,-37,-18,205
434,8,0,14,0,392
434,5,0,-37,-18,205
434,1,2,-20,-10,340
435,5,0,-37,-18,205
435,1,2,-20,-10,340
435,8,0,14,0,392
436,8,0,14,0,392
436,5,0,-37,-18,205
436,1,2,-20,-10,340
436,1,1,15,-12,254
437,1,1,15,-12,254
437,5,0,-37,-18,205
437,1,2,-20,-10,340
437,8,0,14,0,392
438,8,0,14,0,392
438,1,1,15,-12,254
438,1,2,-20,-10,340
438,5,0,-37,-18,205
439,8,0,14,0,392
439,5,0,-37,-18,205
439,1,1,15,-12,254
439,1,2,-20,-10,340
440,1,1,15,-12,254
440,5,0,-37,-18,205
440,1,2,-20,-9,340
440,8,0,14,0,392
441,1,1,15,-12,254
441,5,0,-37,-18,205
441,1,2,-20,-10,340
441,8,0,14,0,392
442,5,0,-37,-18,205
442,1,1,15,-12,254
442,1,2,-20,-10,340
442,8,0,14,0,392
443,8,0,14,0,392
443,5,0,-37,-18,205
443,1,2,-20,-9,340
444,8,0,14,0,392
444,5,0,-37,-18,205
444,1,2,-20,-10,340
445,8,0,14,0,392
445,5,0,-37,-18,205
445,1,2,-20,-10,340
446,5,0,-37,-18,205
446,1,2,-20,-10,340
446,8,0,14,0,392
447,5,0,-37,-18,205
447,8,0,14,0,392
447,1,2,-20,-10,339
448,5,0,-37,-18,205
448,8,0,14,0,392
448,1,2,-20,-10,339
449,5,0,-37,-18,205
449,8,0,14,0,392
450,5,0,-37,-18,205
450,8,0,14,0,392
451,5,0,-37,-18,205
451,8,0,14,0,392
452,8,0,14,0,392
452,5,0,-37,-18,205
453,5,0,-37,-18,205
453,8,0,14,0,392
454,5,0,-37,-18,205
454,8,0,14,0,392
455,5,0,-37,-18,205
455,8,0,14,0,392
456,8,0,14,0,392
456,5,0,-37,-18,205
457,5,0,-37,-18,205
457,8,0,14,0,392
458,1,1,15,-12,253
458,8,0,14,0,392
458,5,0,-37,-18,205
459,1,1,15,-12,253
459,8,0,14,0,392
459,5,0,-37,-18,205
460,1,1,15,-12,253
460,8,0,14,0,392
460,5,0,-37,-18,205
461,1,1,15,-12,253
461,8,0,14,0,392
461,5,0,-37,-18,205
462,5,0,-37,-18,205
462,8,0,14,0,392
462,1,1,15,-12,254
463,8,0,14,0,392
463,1,1,15,-12,254
463,5,0,-37,-18,205
464,8,0,14,0,392
464,5,0,-37,-18,205
464,1,1,15,-12,254
465,1,1,15,-12,254
465,5,0,-37,-18,205
465,8,0,14,0,392
466,5,0,-37,-18,205
466,8,0,14,0,392
466,1,1,15,-12,254
467,5,0,-37,-18,205
467,8,0,14,0,392
467,1,1,15,-12,254
468,5,0,-37,-18,205
468,8,0,14,0,392
468,1,1,15,-12,254
469,1,1,15,-12,254
469,8,0,14,0,392
469,5,0,-37,-18,205
470,5,0,-37,-18,205
470,8,0,14,0,392
470,1,1,15,-12,253
471,5,0,-37,-18,205
471,8,0,14,0,392
471,1,1,15,-12,253
472,1,1,16,-12,252
472,8,0,14,0,392
472,5,0,-37,-18,205
473,5,0,-37,-18,205
473,1,1,15,-12,253
473,8,0,14,0,392
474,1,1,15,-12,254
474,5,0,-37,-18,205
474,8,0,14,0,392
475,1,1,15,-12,253
475,5,0,-37,-18,205
475,8,0,14,0,392
476,8,0,14,0,392
476,1,1,15,-12,253
476,5,0,-37,-18,205
477,8,0,14,0,392
477,5,0,-37,-18,205
477,1,1,15,-12,253
478,1,1,15,-12,253
478,5,0,-37,-18,205
478,8,0,14,0,392
479,1,1,15,-12,254
479,8,0,14,0,392
479,5,0,-37,-18,205
480,5,0,-37,-18,205
480,1,1,15,-12,255
480,8,0,14,0,392
481,5,0,-37,-18,205
481,1,1,15,-12,256
481,8,0,14,0,392
482,5,0,-37,-18,205
482,8,0,14,0,392
482,1,1,15,-12,255
483,5,0,-37,-18,205
483,8,0,14,0,392
483,1,1,15,-12,255
484,1,1,15,-12,255
484,8,0,14,0,392
484,5,0,-37,-18,205
485,8,0,14,0,392
485,1,1,15,-12,255
485,5,0,-37,-18,205
486,5,0,-37,-18,205
486,8,0,14,0,392
486,1,1,15,-12,254
487,1,1,15,-12,254
487,8,0,14,0,392
487,5,0,-37,-18,205
488,1,1,15,-12,254
488,8,0,14,0,392
488,5,0,-37,-18,205
489,1,1,15,-12,254
489,8,0,14,0,392
489,5,0,-37,-18,205
490,8,0,14,0,392
490,1,1,15,-12,255
490,5,0,-37,-18,205
491,1,1,15,-12,255
491,8,0,14,0,392
491,5,0,-37,-18,205
492,1,1,16,-12,256
492,8,0,14,0,392
492,5,0,-37,-18,205
493,5,0,-37,-18,205
493,1,1,16,-12,256
493,8,0,14,0,392
494,5,0,-37,-18,205
494,1,1,16,-12,257
494,8,0,14,0,392
495,1,1,16,-12,257
495,5,0,-37,-18,205
495,8,0,14,0,392
496,1,1,16,-12,257
496,5,0,-37,-18,205
496,8,0,14,0,392
497,5,0,-37,-18,205
497,8,0,14,0,392
497,1,1,16,-12,256
498,5,0,-37,-18,205
498,8,0,14,0,392
498,1,1,16,-12,256
499,5,0,-37,-18,205
499,1,1,16,-12,256
499,8,0,14,0,392
500,8,0,14,0,392
500,5,0,-37,-18,205
500,1,1,16,-12,256
501,8,0,14,0,392
501,5,0,-37,-18,205
501,1,1,16,-11,257
502,8,0,14,0,392
502,1,1,17,-11,257
502,5,0,-37,-18,205
503,1,1,17,-11,257
503,8,0,14,0,392
503,5,0,-37,-18,205
504,1,1,17,-11,258
504,5,0,-37,-18,205
504,8,0,14,0,392
505,5,0,-37,-18,205
505,8,0,14,0,392
505,1,1,17,-11,258
506,5,0,-37,-18,205
506,8,0,14,0,392
506,1,1,17,-11,258
507,1,1,17,-11,258
507,5,0,-37,-18,205
507,8,0,14,0,392
508,5,0,-37,-18,205
508,1,1,17,-11,258
508,8,0,14,0,392
509,1,1,16,-11,257
509,5,0,-37,-18,205
509,8,0,14,0,392
510,5,0,-37,-18,205
510,8,0,14,0,392
510,1,1,16,-11,257
511,5,0,-37,-18,205
511,8,0,14,0,392
512,8,0,14,0,392
512,5,0,-37,-18,205
513,8,0,14,0,392
513,5,0,-37,-18,205
514,5,0,-37,-18,205
514,8,0,14,0,392
514,1,2,-21,-10,337
515,5,0,-37,-18,205
515,8,0,14,0,392
515,1,2,-21,-10,337
516,5,0,-37,-18,205
516,8,0,14,0,392
516,1,2,-21,-10,338
517,1,2,-21,-10,338
517,5,0,-37,-18,205
517,8,0,14,0,392
518,1,2,-21,-10,338
518,5,0,-37,-18,205
518,8,0,14,0,392
519,1,2,-20,-10,338
519,5,0,-37,-18,205
519,8,0,14,0,392
520,5,0,-37,-18,205
520,8,0,14,0,392
520,1,2,-20,-10,338
521,1,2,-20,-10,339
521,8,0,14,0,392
521,5,0,-37,-18,205
522,8,0,14,0,392
522,5,0,-37,-18,205
522,1,2,-20,-10,341
523,8,0,14,0,392
523,5,0,-37,-18,205
523,1,2,-20,-10,341
524,1,2,-20,-10,341
524,8,0,14,0,392
524,5,0,-37,-18,205
525,1,2,-20,-10,340
525,8,0,14,0,392
525,5,0,-37,-18,205
526,5,0,-37,-18,205
526,1,2,-20,-10,339
526,8,0,14,0,392
527,1,2,-20,-9,339
527,8,0,14,0,392
527,5,0,-37,-18,205
528,5,0,-37,-18,205
528,8,0,14,0,392
528,1,2,-20,-9,339
529,5,0,-37,-18,205
529,8,0,14,0,392
529,1,2,-20,-9,339
530,1,2,-20,-9,340
530,5,0,-37,-18,205
530,8,0,14,0,392
531,5,0,-37,-18,205
531,1,2,-20,-9,340
531,8,0,14,0,392
532,8,0,14,0,392
532,5,0,-37,-18,205
532,1,2,-20,-9,340
533,5,0,-37,-18,205
533,1,2,-20,-9,340
533,8,0,14,0,392
534,8,0,14,0,392
534,5,0,-37,-18,205
534,1,2,-20,-9,340
535,8,0,14,0,392
535,5,0,-37,-18,205
535,1,2,-20,-9,339
536,8,0,14,0,392
536,5,0,-37,-18,205
536,1,2,-20,-9,339
537,1,2,-20,-9,339
537,8,0,14,0,392
537,5,0,-37,-18,205
538,1,2,-20,-9,339
538,8,0,14,0,392
538,5,0,-37,-18,205
539,1,2,-20,-9,340
539,8,0,14,0,392
539,5,0,-37,-18,205
540,5,0,-37,-18,205
540,1,1,16,-12,255
540,8,0,14,0,392
540,1,2,-20,-10,340
541,1,2,-20,-10,339
541,5,0,-37,-18,205
541,8,0,14,0,392
541,1,1,15,-12,255
542,1,1,16,-12,256
542,1,2,-19,-10,338
542,5,0,-37,-18,205
542,8,0,14,0,392
543,1,2,-19,-10,337
543,1,1,15,-12,256
543,5,0,-37,-18,205
543,8,0,14,0,392
544,8,0,14,0,392
544,1,1,15,-12,256
544,5,0,-37,-18,205
545,8,0,14,0,392
545,5,0,-37,-18,205
545,1,1,16,-12,256
546,8,0,14,0,392
546,5,0,-37,-18,205
546,1,1,15,-12,256
547,1,1,15,-12,256
547,5,0,-37,-18,205
547,8,0,14,0,392
548,1,1,16,-12,255
548,8,0,14,0,392
548,5,0,-37,-18,205
549,8,0,14,0,392
549,1,1,15,-12,255
549,5,0,-37,-18,205
550,5,0,-37,-18,205
550,8,0,14,0,392
550,1,1,15,-12,255
551,5,0,-37,-18,205
551,1,1,15,-12,255
551,8,0,14,0,392
552,8,0,14,0,392
552,1,1,15,-12,255
552,5,0,-37,-18,205
553,1,1,15,-12,255
553,5,0,-37,-18,205
553,8,0,14,0,392
554,5,0,-37,-18,205
554,1,1,15,-12,255
554,8,0,14,0,392
555,5,0,-37,-18,205
555,1,1,15,-12,255
555,8,0,14,0,392
556,1,1,15,-12,255
556,8,0,14,0,392
556,5,0,-37,-18,205
557,1,1,15,-12,255
557,5,0,-37,-18,205
557,8,0,14,0,392
558,5,0,-37,-18,205
558,1,1,16,-12,255
558,8,0,14,0,392
559,8,0,14,0,392
559,1,1,16,-12,255
559,5,0,-37,-18,205
560,8,0,14,0,392
560,1,1,16,-12,255
560,5,0,-37,-18,205
561,8,0,14,0,392
561,5,0,-37,-18,205
562,8,0,14,0,392
562,5,0,-37,-18,205
563,8,0,14,0,392
563,1,2,-21,-9,340
563,5,0,-37,-18,205
564,5,0,-37,-18,205
564,1,2,-21,-10,340
564,8,0,14,0,392
565,5,0,-37,-18,205
565,8,0,14,0,392
565,1,2,-21,-10,340
566,8,0,14,0,392
566,1,2,-21,-10,340
566,5,0,-37,-18,205
567,8,0,14,0,392
567,5,0,-37,-18,205
567,1,2,-20,-10,339
568,5,0,-37,-18,205
568,1,2,-20,-10,339
568,8,0,14,0,392
569,8,0,14,0,392
569,1,2,-20,-10,338
569,5,0,-37,-18,205
570,8,0,14,0,392
570,1,2,-19,-10,338
570,5,0,-37,-18,205
571,8,0,14,0,392
571,5,0,-37,-18,205
571,1,2,-20,-10,338
572,8,0,14,0,392
572,1,2,-20,-10,338
572,5,0,-37,-18,205
573,5,0,-37,-18,205
573,1,2,-20,-10,338
573,8,0,14,0,392
574,8,0,14,0,392
574,1,2,-20,-10,338
574,5,0,-37,-18,205
575,8,0,14,0,392
575,1,2,-21,-10,338
575,5,0,-37,-18,205
576,8,0,14,0,392
576,1,2,-21,-10,338
576,5,0,-37,-18,205
577,8,0,14,0,392
577,1,2,-21,-10,338
577,5,0,-37,-18,205
578,8,0,14,0,392
578,1,2,-21,-10,338
578,5,0,-37,-18,205
579,8,0,14,0,392
579,5,0,-37,-18,205
579,1,2,-21,-10,338
580,5,0,-37,-18,205
580,8,0,14,0,392
580,1,2,-20,-10,339
581,8,0,14,0,392
581,5,0,-37,-18,205
581,1,2,-20,-10,339
582,8,0,14,0,392
582,1,2,-20,-10,339
582,5,0,-37,-18,205
583,1,2,-20,-10,339
583,5,0,-37,-18,205
583,8,0,14,0,392
584,5,0,-37,-18,205
584,8,0,14,0,392
584,1,2,-20,-10,338
585,1,2,-20,-10,337
585,8,0,14,0,392
585,5,0,-37,-18,205
586,1,2,-20,-10,336
586,5,0,-37,-18,205
586,8,0,14,0,392
587,5,0,-37,-18,205
587,8,0,14,0,392
587,1,2,-21,-10,335
588,5,0,-37,-18,205
588,1,2,-21,-10,334
588,8,0,14,0,392
589,5,0,-37,-18,205
589,1,2,-21,-10,335
589,8,0,14,0,392
590,5,0,-37,-18,205
590,8,0,14,0,392
590,1,2,-21,-10,336
591,5,0,-37,-18,205
591,1,2,-21,-10,337
591,8,0,14,0,392
592,1,2,-21,-10,337
592,5,0,-37,-18,205
592,8,0,14,0,392
593,1,2,-21,-10,337
593,5,0,-37,-18,205
593,8,0,14,0,392
594,8,0,14,0,392
594,1,2,-21,-10,338
594,5,0,-37,-18,205
595,8,0,14,0,392
595,5,0,-37,-18,205
595,1,2,-20,-10,339
596,8,0,14,0,392
596,1,2,-20,-10,339
596,5,0,-37,-18,205
597,5,0,-37,-18,205
597,1,2,-20,-10,340
597,8,0,14,0,392
598,1,2,-20,-10,340
598,8,0,14,0,392
598,5,0,-37,-18,205
599,1,2,-20,-10,340
599,1,1,15,-12,258
599,8,0,14,0,392
599,5,0,-37,-18,205
600,5,0,-37,-18,205
600,1,1,15,-12,258
600,8,0,14,0,392
600,1,2,-20,-10,340
601,5,0,-37,-18,205
601,8,0,14,0,392
601,1,2,-20,-10,340
601,1,1,15,-12,258
602,1,1,15,-12,258
602,5,0,-37,-18,205
602,8,0,14,0,392
602,1,2,-20,-10,340
603,5,0,-37,-18,205
603,1,1,15,-12,258
603,8,0,14,0,392
603,1,2,-20,-10,340
604,1,1,15,-12,258
604,8,0,14,0,392
604,5,0,-37,-18,205
604,1,2,-20,-10,340
605,1,2,-20,-10,340
605,1,1,15,-12,258
605,8,0,14,0,392
605,5,0,-37,-18,205
606,1,2,-20,-10,340
606,8,0,14,0,392
606,5,0,-37,-18,205
